<?xml version="1.0" encoding="UTF-8" standalone="yes"?>
<addon id="repository.Brettusrepo" name="Brettus Builds repository" version="1.0" provider-name="Brettus">
	<extension point="xbmc.addon.repository" name="Brettus Builds repository">
		<info compressed="false">http://brettusbuilds.com/brettusrepo/files/addons.xml</info>
		<checksum>http://brettusbuilds.com/brettusrepo/files/addons.xml.md5</checksum>
		<datadir zip="true">http://brettusbuilds.com/brettusrepo/files/</datadir>
	</extension>
	<extension point="xbmc.addon.metadata">
		<summary></summary>
		<description></description>
		<platform>all</platform>
	</extension>
</addon>

