<?xml version="1.0" encoding="UTF-8" standalone="yes"?>
<addon id="repository.onealliance" name="OneAlliance Reborn Repo" version="3.0.2" provider-name="OneAlliance Reborn">
	<extension point="xbmc.addon.repository" name="OneAlliance Repo">
		<info compressed="false">http://onealliancereborn.com/1AMCrepo/addons.xml</info>
		<checksum>http://onealliancereborn.com/1AMCrepo/addons.xml.md5</checksum>
		<datadir zip="true">http://onealliancereborn.com/1AMCrepo</datadir>
	</extension>
	<extension point="xbmc.addon.metadata">
		<summary lang="en_GB">The OneAlliance Reborn Repo</summary>
		<description lang="en_GB">The OneAlliance Reborn Repo helps keep the add-ons and repositories in the OneAlliance Reborn builds up to date.</description>
		<disclaimer lang="en_GB"></disclaimer>
		<news>v3.0.2 (2019-01-27)</news>
		<platform>all</platform>
		<language>en</language>
		<license>GNU GENERAL PUBLIC LICENSE Version 3</license>
		<email></email>
		<website>http://onealliancereborn.com/</website>
	</extension>
</addon>