<?xml version="1.0" encoding="UTF-8"?>
    <addon id="repository.EzzerMacsWizard" name="EzzerMacs Wizard Repository" version="1.1.2" provider-name="EzzerMac">
        <requires>
            <import addon="xbmc.addon" version="12.0.0"/>
        </requires>
        <extension point="xbmc.addon.repository" name="EzzerMacs Wizard Repository">
            <info compressed="false">http://miniaturelife67.co.uk/_repo/addons.xml</info>
            <checksum>http://miniaturelife67.co.uk/_repo/addons.xml.md5</checksum>
            <datadir zip="true">http://miniaturelife67.co.uk/_repo/</datadir>
            <hashes>false</hashes>
        </extension>
        <extension point="xbmc.addon.metadata">
            <summary>Install all the latest Builds</summary>
            <description>Welcome to the New and Improved EZZERMACS WIZARD for all your Community Builds, All the Help and Assistance can be found Here</description>
            <platform>all</platform>
    </extension>
</addon>